Glove,Paragram,Wiki
1.5525848195450505,1.1742670345039679,2.4349031437180453
44.50376078609657,35.29512380660872,57.373256332119496
