Glove,Paragram,Wiki
1.0066275895209258,0.7288752602893727,1.9328824310657988
43.82609487804323,34.49680020041449,56.86943451228677
